{
  "0.0": 0.64209999999999989,
  "0.25": 0.0,
  "0.05": -0.020284999999999997,
  "0.1": 0.0,
  "1.0": 0.0,
  "0.005": 0.28241150000000204,
  "0.01": 0.050788000000000277,
  "0.5": 0.0
}